LoginID,AccountType,BCIF,PCIF,PAN,Password,Tested,Result
11189118,Retail,xxx,784303,FLS.5858311011189118,Cwb@1234,,
11094052,Retail,xxx,791195,FLS.5858311011094052,Cwb@1234,,
11145474,Retail,xxx,649899,FLS.5858311011145474,Cwb@1234,,
11093377,Retail,xxx,788705,FLS.5858311011093377,Cwb@1234,,
11111492,Retail,xxx,802357,FLS.5858311011111492,Cwb@1234,,
11210559,Retail,xxx,813073,FLS.5858311011210559,Cwb@1234,,
11111153,Retail,xxx,796708,FLS.5858311011111153,Cwb@1234,,
11024364,Retail,xxx,782869,FLS.5858311011024364,Cwb@1234,,
11208827,Retail,xxx,812150,FLS.5858311011208827,Cwb@1234,,
11110452,Retail,xxx,794978,FLS.5858311011110452,Cwb@1234,,
11097543,Retail,xxx,800286,FLS.5858311011097543,Cwb@1234,,
11112359,Retail,xxx,808927,FLS.5858311011112359,Cwb@1234,,
11133249,Retail,xxx,796747,FLS.5858311011133249,Cwb@1234,,
10897570,Retail,xxx,783647,FLS.5858311010897570,Cwb@1234,,
10999186,Retail,xxx,793772,FLS.5858311010999186,Cwb@1234,,
11005678,Retail,xxx,781092,FLS.5858311011005678,Cwb@1234,,
10638065,Retail,xxx,778826,FLS.5858311010638065,Cwb@1234,,
11102004,Retail,xxx,812910,FLS.5858311011102004,Cwb@1234,,
11110692,Retail,xxx,796543,FLS.5858311011110692,Cwb@1234,,
11085258,Retail,xxx,791248,FLS.5858311011085258,Cwb@1234,,
11086520,Retail,xxx,791161,FLS.5858311011086520,Cwb@1234,,
11004382,Retail,xxx,774770,FLS.5858311011004382,Cwb@1234,,
11111435,Retail,xxx,802204,FLS.5858311011111435,Cwb@1234,,
10957556,Retail,xxx,791991,FLS.5858311010957556,Cwb@1234,,
11111203,Retail,xxx,800177,FLS.5858311011111203,Cwb@1234,,
11006106,Retail,xxx,786287,FLS.5858311011006106,Cwb@1234,,
11208769,Retail,xxx,811780,FLS.5858311011208769,Cwb@1234,,
11208645,Retail,xxx,810846,FLS.5858311011208645,Cwb@1234,,
11110841,Retail,xxx,797274,FLS.5858311011110841,Cwb@1234,,
11208868,Retail,xxx,812259,FLS.5858311011208868,Cwb@1234,,
11005553,Retail,xxx,783219,FLS.5858311011005553,Cwb@1234,,
11005975,Retail,xxx,780773,FLS.5858311011005975,Cwb@1234,,
11110478,Retail,xxx,795185,FLS.5858311011110478,Cwb@1234,,
10553827,Retail,xxx,693408,CWB.5858311010553827,Cwb@1234,,
11183780,Retail,xxx,806114,FLS.5858311011183780,Cwb@1234,,
11111666,Retail,xxx,803340,FLS.5858311011111666,Cwb@1234,,
10636184,Retail,xxx,773062,FLS.5858311010636184,Cwb@1234,,
11060897,Retail,xxx,790102,FLS.5858311011060897,Cwb@1234,,
11111427,Retail,xxx,802090,FLS.5858311011111427,Cwb@1234,,
11005298,Retail,xxx,781184,FLS.5858311011005298,Cwb@1234,,
11111047,Retail,xxx,798138,FLS.5858311011111047,Cwb@1234,,
11210120,Retail,xxx,819979,FLS.5858311011210120,Cwb@1234,,
11111344,Retail,xxx,801821,FLS.5858311011111344,Cwb@1234,,
11110882,Retail,xxx,797505,FLS.5858311011110882,Cwb@1234,,
11176362,Retail,xxx,791331,FLS.5858311011176362,Cwb@1234,,
11208629,Retail,xxx,810834,FLS.5858311011208629,Cwb@1234,,
11110981,Retail,xxx,797964,FLS.5858311011110981,Cwb@1234,,
11183244,Retail,xxx,811324,FLS.5858311011183244,Cwb@1234,,
11177675,Retail,xxx,809780,FLS.5858311011177675,Cwb@1234,,
11004747,Retail,xxx,777630,FLS.5858311011004747,Cwb@1234,,
11208462,Retail,xxx,809566,FLS.5858311011208462,Cwb@1234,,
11150888,Retail,xxx,794822,FLS.5858311011150888,Cwb@1234,,
11110635,Retail,xxx,796340,FLS.5858311011110635,Cwb@1234,,
11110908,Retail,xxx,797568,FLS.5858311011110908,Cwb@1234,,
11004713,Retail,xxx,777437,FLS.5858311011004713,Cwb@1234,,
11188128,Retail,xxx,134529,FLS.5858311011188128,Cwb@1234,,
10897190,Retail,xxx,793119,FLS.5858311010897190,Cwb@1234,,
11005603,Retail,xxx,783431,FLS.5858311011005603,Cwb@1234,,
11168369,Retail,xxx,783951,FLS.5858311011168369,Cwb@1234,,
11060038,Retail,xxx,172378,FLS.5858311011060038,Cwb@1234,,
11093740,Retail,xxx,791434,FLS.5858311011093740,Cwb@1234,,
01114712,Retail,xxx,158835,CWB.5858311001114712,Cwb@1234,,
11093476,Retail,xxx,789346,FLS.5858311011093476,Cwb@1234,,
10632373,Retail,xxx,123978,FLS.5858311010632373,Cwb@1234,,
11111591,Retail,xxx,802847,FLS.5858311011111591,Cwb@1234,,
10835885,Retail,xxx,790380,FLS.5858311010835885,Cwb@1234,,
11110767,Retail,xxx,796734,FLS.5858311011110767,Cwb@1234,,
10749680,Retail,xxx,803367,FLS.5858311010749680,Cwb@1234,,
11110676,Retail,xxx,796539,FLS.5858311011110676,Cwb@1234,,
11111005,Retail,xxx,798165,FLS.5858311011111005,Cwb@1234,,
10849878,Retail,xxx,784977,FLS.5858311010849878,Cwb@1234,,
11208470,Retail,xxx,809675,FLS.5858311011208470,Cwb@1234,,
11005660,Retail,xxx,783616,FLS.5858311011005660,Cwb@1234,,
10904186,Retail,xxx,802064,CWB.5858311010904186,Cwb@1234,,
11144956,Retail,xxx,806914,FLS.5858311011144956,Cwb@1234,,
10805946,Retail,xxx,779273,FLS.5858311010805946,Cwb@1234,,
11111328,Retail,xxx,801477,FLS.5858311011111328,Cwb@1234,,
11183467,Retail,xxx,798375,FLS.5858311011183467,Cwb@1234,,
11004564,Retail,xxx,776289,FLS.5858311011004564,Cwb@1234,,
10850256,Retail,xxx,787688,FLS.5858311010850256,Cwb@1234,,
11179333,Retail,xxx,804227,FLS.5858311011179333,Cwb@1234,,
11005314,Retail,xxx,781387,FLS.5858311011005314,Cwb@1234,,
11093815,Retail,xxx,792032,FLS.5858311011093815,Cwb@1234,,
11212498,Retail,xxx,198337,FLS.5858311011212498,Cwb@1234,,
11101816,Retail,xxx,802477,FLS.5858311011101816,Cwb@1234,,
11005082,Retail,xxx,780283,FLS.5858311011005082,Cwb@1234,,
11209247,Retail,xxx,814667,FLS.5858311011209247,Cwb@1234,,
11189407,Retail,xxx,800374,FLS.5858311011189407,Cwb@1234,,
10709718,Retail,xxx,180161,FLS.5858311010709718,Cwb@1234,,
11208900,Retail,xxx,812551,FLS.5858311011208900,Cwb@1234,,
11005611,Retail,xxx,783514,FLS.5858311011005611,Cwb@1234,,
11112292,Retail,xxx,807833,FLS.5858311011112292,Cwb@1234,,
11093567,Retail,xxx,789907,FLS.5858311011093567,Cwb@1234,,
11209023,Retail,xxx,813460,FLS.5858311011209023,Cwb@1234,,
11111963,Retail,xxx,793940,FLS.5858311011111963,Cwb@1234,,
11110957,Retail,xxx,797808,FLS.5858311011110957,Cwb@1234,,
11112235,Retail,xxx,807552,FLS.5858311011112235,Cwb@1234,,
11004754,Retail,xxx,777738,FLS.5858311011004754,Cwb@1234,,
11005025,Retail,xxx,779747,FLS.5858311011005025,Cwb@1234,,
11208637,Retail,xxx,810837,FLS.5858311011208637,Cwb@1234,,
11025569,Retail,xxx,780869,FLS.5858311011025569,Cwb@1234,,
11186791,Retail,xxx,807427,FLS.5858311011186791,Cwb@1234,,
11112078,Retail,xxx,806273,FLS.5858311011112078,Cwb@1234,,
11110544,Retail,xxx,780602,FLS.5858311011110544,Cwb@1234,,
11209155,Retail,xxx,814130,FLS.5858311011209155,Cwb@1234,,
11111294,Retail,xxx,801298,FLS.5858311011111294,Cwb@1234,,
11004887,Retail,xxx,778664,FLS.5858311011004887,Cwb@1234,,
11112201,Retail,xxx,807491,FLS.5858311011112201,Cwb@1234,,
11188151,Retail,xxx,197543,FLS.5858311011188151,Cwb@1234,,
11185371,Retail,xxx,812020,FLS.5858311011185371,Cwb@1234,,
10632712,Retail,xxx,165901,FLS.5858311010632712,Cwb@1234,,
11111302,Retail,xxx,801317,FLS.5858311011111302,Cwb@1234,,
11111104,Retail,xxx,798715,FLS.5858311011111104,Cwb@1234,,
11209163,Retail,xxx,814161,FLS.5858311011209163,Cwb@1234,,
11098905,Retail,xxx,813254,FLS.5858311011098905,Cwb@1234,,
11050138,Retail,xxx,784722,FLS.5858311011050138,Cwb@1234,,
10897208,Retail,xxx,790471,FLS.5858311010897208,Cwb@1234,,
10991860,Retail,xxx,797083,FLS.5858311010991860,Cwb@1234,,
11093757,Retail,xxx,791387,FLS.5858311011093757,Cwb@1234,,
11110916,Retail,xxx,797638,FLS.5858311011110916,Cwb@1234,,
11232306,Retail,xxx,831459,FLS.5858311011232306,Cwb@1234,,
11110932,Retail,xxx,797679,FLS.5858311011110932,Cwb@1234,,
11057091,Retail,xxx,790768,FLS.5858311011057091,Cwb@1234,,
10920109,Retail,xxx,793077,FLS.5858311010920109,Cwb@1234,,
11208801,Retail,xxx,811916,FLS.5858311011208801,Cwb@1234,,
11208942,Retail,xxx,812913,FLS.5858311011208942,Cwb@1234,,
11218677,Retail,xxx,813036,FLS.5858311011218677,Cwb@1234,,
11093401,Retail,xxx,788849,FLS.5858311011093401,Cwb@1234,,
11005066,Retail,xxx,780262,FLS.5858311011005066,Cwb@1234,,
11025692,Retail,xxx,672115,FLS.5858311011025692,Cwb@1234,,
11093989,Retail,xxx,793120,FLS.5858311011093989,Cwb@1234,,
11004853,Retail,xxx,778551,FLS.5858311011004853,Cwb@1234,,
11005074,Retail,xxx,780275,FLS.5858311011005074,Cwb@1234,,
11145193,Retail,xxx,811627,FLS.5858311011145193,Cwb@1234,,
11139956,Retail,xxx,796635,FLS.5858311011139956,Cwb@1234,,
11006023,Retail,xxx,785732,FLS.5858311011006023,Cwb@1234,,
11179325,Retail,xxx,800393,FLS.5858311011179325,Cwb@1234,,
11152017,Retail,xxx,784568,FLS.5858311011152017,Cwb@1234,,
11111583,Retail,xxx,788731,FLS.5858311011111583,Cwb@1234,,
11093310,Retail,xxx,788142,FLS.5858311011093310,Cwb@1234,,
11110874,Retail,xxx,797281,FLS.5858311011110874,Cwb@1234,,
11093898,Retail,xxx,792549,FLS.5858311011093898,Cwb@1234,,
10337783,Retail,xxx,635632,FLS.5858311010337783,Cwb@1234,,
11150722,Retail,xxx,801998,FLS.5858311011150722,Cwb@1234,,
11111187,Retail,xxx,800062,FLS.5858311011111187,Cwb@1234,,
11106450,Retail,xxx,801105,FLS.5858311011106450,Cwb@1234,,
11060616,Retail,xxx,787433,FLS.5858311011060616,Cwb@1234,,
11203562,Retail,xxx,813261,FLS.5858311011203562,Cwb@1234,,
11107169,Retail,xxx,792463,FLS.5858311011107169,Cwb@1234,,
11208595,Retail,xxx,810694,FLS.5858311011208595,Cwb@1234,,
11057190,Retail,xxx,789220,FLS.5858311011057190,Cwb@1234,,
10350083,Retail,xxx,675369,FLS.5858311010350083,Cwb@1234,,
11179309,Retail,xxx,804694,FLS.5858311011179309,Cwb@1234,,
11208678,Retail,xxx,810958,FLS.5858311011208678,Cwb@1234,,
11110619,Retail,xxx,796285,FLS.5858311011110619,Cwb@1234,,
11057026,Retail,xxx,793166,FLS.5858311011057026,Cwb@1234,,
11111716,Retail,xxx,803431,FLS.5858311011111716,Cwb@1234,,
11024463,Retail,xxx,783448,FLS.5858311011024463,Cwb@1234,,
11004580,Retail,xxx,776374,FLS.5858311011004580,Cwb@1234,,
11093492,Retail,xxx,789488,FLS.5858311011093492,Cwb@1234,,
11093559,Retail,xxx,789864,FLS.5858311011093559,Cwb@1234,,
11112136,Retail,xxx,806765,FLS.5858311011112136,Cwb@1234,,
11110510,Retail,xxx,795483,FLS.5858311011110510,Cwb@1234,,
11111369,Retail,xxx,798149,FLS.5858311011111369,Cwb@1234,,
11005652,Retail,xxx,783622,FLS.5858311011005652,Cwb@1234,,
10790833,Retail,xxx,785878,FLS.5858311010790833,Cwb@1234,,
11093666,Retail,xxx,790576,FLS.5858311011093666,Cwb@1234,,
11112383,Retail,xxx,809075,FLS.5858311011112383,Cwb@1234,,
11268961,Retail,xxx,153701,FLS.5858311011268961,Cwb@1234,,
10897406,Retail,xxx,786798,FLS.5858311010897406,Cwb@1234,,
11110858,Retail,xxx,797279,FLS.5858311011110858,Cwb@1234,,
11111575,Retail,xxx,802771,FLS.5858311011111575,Cwb@1234,,
11026203,Retail,xxx,831596,FLS.5858311011026203,Cwb@1234,,
11208918,Retail,xxx,812655,FLS.5858311011208918,Cwb@1234,,
11281600,Retail,xxx,796817,CWB.5858311011281600,Cwb@1234,,
11112391,Retail,xxx,809106,FLS.5858311011112391,Cwb@1234,,
11006171,Retail,xxx,786805,FLS.5858311011006171,Cwb@1234,,
11112417,Retail,xxx,809334,FLS.5858311011112417,Cwb@1234,,
11111393,Retail,xxx,802021,FLS.5858311011111393,Cwb@1234,,
11133553,Retail,xxx,799571,FLS.5858311011133553,Cwb@1234,,
11209031,Retail,xxx,813527,FLS.5858311011209031,Cwb@1234,,
11094235,Retail,xxx,794698,FLS.5858311011094235,Cwb@1234,,
11187617,Retail,xxx,812432,FLS.5858311011187617,Cwb@1234,,
11235473,Retail,xxx,813367,FLS.5858311011235473,Cwb@1234,,
11150110,Retail,xxx,796170,FLS.5858311011150110,Cwb@1234,,
11111450,Retail,xxx,802283,FLS.5858311011111450,Cwb@1234,,
11111351,Retail,xxx,799737,FLS.5858311011111351,Cwb@1234,,
11187757,Retail,xxx,807356,FLS.5858311011187757,Cwb@1234,,
10680364,Retail,xxx,783745,FLS.5858311010680364,Cwb@1234,,
11005348,Retail,xxx,781657,FLS.5858311011005348,Cwb@1234,,
11111278,Retail,xxx,801078,FLS.5858311011111278,Cwb@1234,,
11094201,Retail,xxx,794623,FLS.5858311011094201,Cwb@1234,,
11005686,Retail,xxx,783666,FLS.5858311011005686,Cwb@1234,,
11240275,Retail,xxx,792344,FLS.5858311011240275,Cwb@1234,,
11208850,Retail,xxx,812164,FLS.5858311011208850,Cwb@1234,,
10914631,Retail,xxx,787753,FLS.5858311010914631,Cwb@1234,,
11208843,Retail,xxx,812165,FLS.5858311011208843,Cwb@1234,,
10574385,Retail,xxx,793697,FLS.5858311010574385,Cwb@1234,,
11209080,Retail,xxx,813686,FLS.5858311011209080,Cwb@1234,,
11150144,Retail,xxx,794516,FLS.5858311011150144,Cwb@1234,,
11168534,Retail,xxx,814311,FLS.5858311011168534,Cwb@1234,,
11005215,Retail,xxx,780653,FLS.5858311011005215,Cwb@1234,,
11005892,Retail,xxx,785136,FLS.5858311011005892,Cwb@1234,,
11208611,Retail,xxx,810820,FLS.5858311011208611,Cwb@1234,,
11005546,Retail,xxx,783188,FLS.5858311011005546,Cwb@1234,,
11150102,Retail,xxx,810741,FLS.5858311011150102,Cwb@1234,,
11153346,Retail,xxx,802378,FLS.5858311011153346,Cwb@1234,,
11005355,Retail,xxx,781652,FLS.5858311011005355,Cwb@1234,,
11005934,Retail,xxx,785379,FLS.5858311011005934,Cwb@1234,,
11005868,Retail,xxx,784727,FLS.5858311011005868,Cwb@1234,,
11006015,Retail,xxx,772522,FLS.5858311011006015,Cwb@1234,,
11112110,Retail,xxx,806524,FLS.5858311011112110,Cwb@1234,,
11025536,Retail,xxx,797195,FLS.5858311011025536,Cwb@1234,,
11054429,Retail,xxx,812345,CWB.5858311011054429,Cwb@1234,,
11235515,Retail,xxx,784509,FLS.5858311011235515,Cwb@1234,,
11006072,Retail,xxx,786100,FLS.5858311011006072,Cwb@1234,,
11051417,Retail,xxx,796521,CWB.5858311011051417,Cwb@1234,,
11208587,Retail,xxx,810689,FLS.5858311011208587,Cwb@1234,,
11110445,Retail,xxx,794917,FLS.5858311011110445,Cwb@1234,,
11209114,Retail,xxx,813929,FLS.5858311011209114,Cwb@1234,,
10792474,Retail,xxx,737774,FLS.5858311010792474,Cwb@1234,,
11093575,Retail,xxx,789923,FLS.5858311011093575,Cwb@1234,,
11112219,Retail,xxx,807440,FLS.5858311011112219,Cwb@1234,,
11093781,Retail,xxx,791777,FLS.5858311011093781,Cwb@1234,,
11209254,Retail,xxx,814682,FLS.5858311011209254,Cwb@1234,,
11208777,Retail,xxx,811820,FLS.5858311011208777,Cwb@1234,,
11211938,Retail,xxx,810077,FLS.5858311011211938,Cwb@1234,,
11209189,Retail,xxx,814266,FLS.5858311011209189,Cwb@1234,,
11004507,Retail,xxx,775920,FLS.5858311011004507,Cwb@1234,,
11255125,Retail,xxx,787296,FLS.5858311011255125,Cwb@1234,,
11111732,Retail,xxx,803681,FLS.5858311011111732,Cwb@1234,,
11210195,Retail,xxx,812985,FLS.5858311011210195,Cwb@1234,,
11173864,Retail,xxx,814920,FLS.5858311011173864,Cwb@1234,,
11209064,Retail,xxx,812577,FLS.5858311011209064,Cwb@1234,,
11005009,Retail,xxx,779663,FLS.5858311011005009,Cwb@1234,,
10990938,Retail,xxx,792888,FLS.5858311010990938,Cwb@1234,,
11005850,Retail,xxx,784627,FLS.5858311011005850,Cwb@1234,,
11004341,Retail,xxx,774087,FLS.5858311011004341,Cwb@1234,,
11049502,Retail,xxx,788382,FLS.5858311011049502,Cwb@1234,,
10850439,Retail,xxx,790812,FLS.5858311010850439,Cwb@1234,,
11208504,Retail,xxx,809842,FLS.5858311011208504,Cwb@1234,,
10920232,Retail,xxx,790777,FLS.5858311010920232,Cwb@1234,,
10991233,Retail,xxx,796319,FLS.5858311010991233,Cwb@1234,,
11084400,Retail,xxx,793261,FLS.5858311011084400,Cwb@1234,,
11187518,Retail,xxx,814604,FLS.5858311011187518,Cwb@1234,,
11110742,Retail,xxx,796866,FLS.5858311011110742,Cwb@1234,,
11188987,Retail,xxx,795949,FLS.5858311011188987,Cwb@1234,,
11098954,Retail,xxx,785267,FLS.5858311011098954,Cwb@1234,,
11110999,Retail,xxx,798125,FLS.5858311011110999,Cwb@1234,,
11004689,Retail,xxx,777218,FLS.5858311011004689,Cwb@1234,,
11196675,Retail,xxx,804185,FLS.5858311011196675,Cwb@1234,,
10893488,Retail,xxx,794207,FLS.5858311010893488,Cwb@1234,,
11213330,Retail,xxx,112613,FLS.5858311011213330,Cwb@1234,,
11208652,Retail,xxx,810868,FLS.5858311011208652,Cwb@1234,,
11094102,Retail,xxx,794016,FLS.5858311011094102,Cwb@1234,,
11111724,Retail,xxx,803469,FLS.5858311011111724,Cwb@1234,,
11005496,Retail,xxx,782642,FLS.5858311011005496,Cwb@1234,,
10978487,Retail,xxx,780595,FLS.5858311010978487,Cwb@1234,,
11245217,Retail,xxx,703811,FLS.5858311011245217,Cwb@1234,,
10835141,Retail,xxx,776233,FLS.5858311010835141,Cwb@1234,,
11025965,Retail,xxx,793334,FLS.5858311011025965,Cwb@1234,,
11006155,Retail,xxx,786467,FLS.5858311011006155,Cwb@1234,,
10296880,Retail,xxx,198554,FLS.5858311010296880,Cwb@1234,,
11000505,Retail,xxx,787315,FLS.5858311011000505,Cwb@1234,,
11005819,Retail,xxx,784374,FLS.5858311011005819,Cwb@1234,,
11098400,Retail,xxx,800846,FLS.5858311011098400,Cwb@1234,,
10914557,Retail,xxx,785694,FLS.5858311010914557,Cwb@1234,,
11127589,Retail,xxx,831229,PRS.5858311011127589,Cwb@1234,,
11060475,Retail,xxx,786233,FLS.5858311011060475,Cwb@1234,,
11004259,Retail,xxx,773268,FLS.5858311011004259,Cwb@1234,,
10979634,Retail,xxx,795422,FLS.5858311010979634,Cwb@1234,,
11176057,Retail,xxx,809322,FLS.5858311011176057,Cwb@1234,,
11110817,Retail,xxx,797235,FLS.5858311011110817,Cwb@1234,,
11006189,Retail,xxx,787081,FLS.5858311011006189,Cwb@1234,,
00338924,Retail,xxx,130836,CWB.5858311000338924,Cwb@1234,,
11005330,Retail,xxx,781546,FLS.5858311011005330,Cwb@1234,,
10414079,Retail,xxx,451643,FLS.5858311010414079,Cwb@1234,,
11098442,Retail,xxx,802457,FLS.5858311011098442,Cwb@1234,,
11061028,Retail,xxx,790705,FLS.5858311011061028,Cwb@1234,,
11060608,Retail,xxx,786639,FLS.5858311011060608,Cwb@1234,,
10633272,Retail,xxx,124665,FLS.5858311010633272,Cwb@1234,,
11093302,Retail,xxx,788219,FLS.5858311011093302,Cwb@1234,,
11110585,Retail,xxx,795701,FLS.5858311011110585,Cwb@1234,,
11111245,Retail,xxx,798039,FLS.5858311011111245,Cwb@1234,,
11093658,Retail,xxx,790475,FLS.5858311011093658,Cwb@1234,,
11004333,Retail,xxx,774097,FLS.5858311011004333,Cwb@1234,,
11006221,Retail,xxx,787450,FLS.5858311011006221,Cwb@1234,,
11005827,Retail,xxx,784399,FLS.5858311011005827,Cwb@1234,,
11005488,Retail,xxx,782421,FLS.5858311011005488,Cwb@1234,,
11235499,Retail,xxx,794581,FLS.5858311011235499,Cwb@1234,,
10791302,Retail,xxx,789664,FLS.5858311010791302,Cwb@1234,,
11052142,Retail,xxx,796817,CWB.5858311011052142,Cwb@1234,,
11111757,Retail,xxx,803913,FLS.5858311011111757,Cwb@1234,,
11224881,Retail,xxx,164160,CWB.5858311011224881,Cwb@1234,,
11112045,Retail,xxx,806135,FLS.5858311011112045,Cwb@1234,,
11005777,Retail,xxx,783983,FLS.5858311011005777,Cwb@1234,,
11237412,Retail,xxx,767991,FLS.5858311011237412,Cwb@1234,,
11180109,Retail,xxx,809793,FLS.5858311011180109,Cwb@1234,,
11111849,Retail,xxx,804506,FLS.5858311011111849,Cwb@1234,,
11054684,Retail,xxx,693218,CWB.5858311011054684,Cwb@1234,,
10914623,Retail,xxx,787296,FLS.5858311010914623,Cwb@1234,,
11111310,Retail,xxx,801398,FLS.5858311011111310,Cwb@1234,,
11111872,Retail,xxx,804770,FLS.5858311011111872,Cwb@1234,,
11111815,Retail,xxx,803200,FLS.5858311011111815,Cwb@1234,,
11093849,Retail,xxx,792159,FLS.5858311011093849,Cwb@1234,,
11111252,Retail,xxx,801061,FLS.5858311011111252,Cwb@1234,,
11112144,Retail,xxx,806873,FLS.5858311011112144,Cwb@1234,,
11111633,Retail,xxx,802995,FLS.5858311011111633,Cwb@1234,,
11093955,Retail,xxx,793040,FLS.5858311011093955,Cwb@1234,,
11093807,Retail,xxx,775785,FLS.5858311011093807,Cwb@1234,,
11126334,Retail,xxx,831491,PRS.5858311011126334,Cwb@1234,,
11145003,Retail,xxx,805231,FLS.5858311011145003,Cwb@1234,,
11110668,Retail,xxx,796468,FLS.5858311011110668,Cwb@1234,,
11155549,Retail,xxx,797459,FLS.5858311011155549,Cwb@1234,,
11139931,Retail,xxx,785331,FLS.5858311011139931,Cwb@1234,,
11111914,Retail,xxx,805541,FLS.5858311011111914,Cwb@1234,,
11021998,Retail,xxx,783685,FLS.5858311011021998,Cwb@1234,,
11184812,Retail,xxx,808813,FLS.5858311011184812,Cwb@1234,,
11172973,Retail,xxx,799828,FLS.5858311011172973,Cwb@1234,,
11111567,Retail,xxx,802726,FLS.5858311011111567,Cwb@1234,,
11145201,Retail,xxx,812239,FLS.5858311011145201,Cwb@1234,,
10991324,Retail,xxx,798289,FLS.5858311010991324,Cwb@1234,,
11060780,Retail,xxx,789225,FLS.5858311011060780,Cwb@1234,,
10680208,Retail,xxx,781942,FLS.5858311010680208,Cwb@1234,,
11196741,Retail,xxx,787869,FLS.5858311011196741,Cwb@1234,,
11005751,Retail,xxx,784072,FLS.5858311011005751,Cwb@1234,,
11112284,Retail,xxx,807533,FLS.5858311011112284,Cwb@1234,,
11111948,Retail,xxx,805545,FLS.5858311011111948,Cwb@1234,,
11208835,Retail,xxx,812157,FLS.5858311011208835,Cwb@1234,,
11005900,Retail,xxx,785220,FLS.5858311011005900,Cwb@1234,,
11060244,Retail,xxx,783414,FLS.5858311011060244,Cwb@1234,,
10897588,Retail,xxx,784731,FLS.5858311010897588,Cwb@1234,,
11208694,Retail,xxx,811178,FLS.5858311011208694,Cwb@1234,,
11153627,Retail,xxx,792854,FLS.5858311011153627,Cwb@1234,,
11110809,Retail,xxx,797225,FLS.5858311011110809,Cwb@1234,,
11005108,Retail,xxx,780292,FLS.5858311011005108,Cwb@1234,,
10991985,Retail,xxx,829133,FLS.5858311010991985,Cwb@1234,,
10016809,Retail,xxx,155371,CWB.5858311010016809,Cwb@1234,,
11111930,Retail,xxx,805527,FLS.5858311011111930,Cwb@1234,,
11094169,Retail,xxx,794424,FLS.5858311011094169,Cwb@1234,,
11133488,Retail,xxx,799134,FLS.5858311011133488,Cwb@1234,,
11093450,Retail,xxx,789073,FLS.5858311011093450,Cwb@1234,,
11005991,Retail,xxx,785599,FLS.5858311011005991,Cwb@1234,,
11207761,Retail,xxx,811553,FLS.5858311011207761,Cwb@1234,,
11112011,Retail,xxx,805911,FLS.5858311011112011,Cwb@1234,,
11112169,Retail,xxx,807189,FLS.5858311011112169,Cwb@1234,,
11004531,Retail,xxx,776167,FLS.5858311011004531,Cwb@1234,,
11188466,Retail,xxx,809115,FLS.5858311011188466,Cwb@1234,,
11112367,Retail,xxx,808926,FLS.5858311011112367,Cwb@1234,,
11197178,Retail,xxx,807866,FLS.5858311011197178,Cwb@1234,,
11209098,Retail,xxx,813705,FLS.5858311011209098,Cwb@1234,,
11112326,Retail,xxx,808212,FLS.5858311011112326,Cwb@1234,,
10849886,Retail,xxx,784780,FLS.5858311010849886,Cwb@1234,,
11093732,Retail,xxx,791384,FLS.5858311011093732,Cwb@1234,,
10915018,Retail,xxx,773930,FLS.5858311010915018,Cwb@1234,,
11110734,Retail,xxx,796800,FLS.5858311011110734,Cwb@1234,,
10573981,Retail,xxx,786757,FLS.5858311010573981,Cwb@1234,,
10850348,Retail,xxx,789446,FLS.5858311010850348,Cwb@1234,,
11208991,Retail,xxx,813292,FLS.5858311011208991,Cwb@1234,,
11004804,Retail,xxx,777991,FLS.5858311011004804,Cwb@1234,,
11112037,Retail,xxx,805967,FLS.5858311011112037,Cwb@1234,,
10999913,Retail,xxx,814727,FLS.5858311010999913,Cwb@1234,,
11094151,Retail,xxx,794346,FLS.5858311011094151,Cwb@1234,,
11093864,Retail,xxx,792256,FLS.5858311011093864,Cwb@1234,,
11208934,Retail,xxx,812752,FLS.5858311011208934,Cwb@1234,,
11093963,Retail,xxx,793080,FLS.5858311011093963,Cwb@1234,,
11060277,Retail,xxx,783501,FLS.5858311011060277,Cwb@1234,,
10634502,Retail,xxx,767607,FLS.5858311010634502,Cwb@1234,,
11208579,Retail,xxx,810679,FLS.5858311011208579,Cwb@1234,,
10998881,Retail,xxx,789323,FLS.5858311010998881,Cwb@1234,,
11040279,Retail,xxx,800293,CWB.5858311011040279,Cwb@1234,,
11230540,Retail,xxx,798255,FLS.5858311011230540,Cwb@1234,,
10790502,Retail,xxx,766335,FLS.5858311010790502,Cwb@1234,,
11056432,Retail,xxx,785682,FLS.5858311011056432,Cwb@1234,,
11111989,Retail,xxx,805656,FLS.5858311011111989,Cwb@1234,,
11235572,Retail,xxx,797228,FLS.5858311011235572,Cwb@1234,,
11098558,Retail,xxx,806572,FLS.5858311011098558,Cwb@1234,,
11005090,Retail,xxx,780397,FLS.5858311011005090,Cwb@1234,,
11102020,Retail,xxx,813987,FLS.5858311011102020,Cwb@1234,,
11111419,Retail,xxx,802061,FLS.5858311011111419,Cwb@1234,,
11005157,Retail,xxx,780435,FLS.5858311011005157,Cwb@1234,,
11101139,Retail,xxx,794680,FLS.5858311011101139,Cwb@1234,,
11155531,Retail,xxx,797393,FLS.5858311011155531,Cwb@1234,,
11005702,Retail,xxx,783900,FLS.5858311011005702,Cwb@1234,,
11059279,Retail,xxx,181917,FLS.5858311011059279,Cwb@1234,,
11005454,Retail,xxx,782235,FLS.5858311011005454,Cwb@1234,,
11004648,Retail,xxx,776958,FLS.5858311011004648,Cwb@1234,,
11179002,Retail,xxx,804712,FLS.5858311011179002,Cwb@1234,,
11093542,Retail,xxx,789851,FLS.5858311011093542,Cwb@1234,,
10850215,Retail,xxx,787227,FLS.5858311010850215,Cwb@1234,,
10383621,Retail,xxx,125827,FLS.5858311010383621,Cwb@1234,,
11208553,Retail,xxx,810596,FLS.5858311011208553,Cwb@1234,,
10388794,Retail,xxx,118944,FLS.5858311010388794,Cwb@1234,,
11110486,Retail,xxx,795200,FLS.5858311011110486,Cwb@1234,,
11219261,Retail,xxx,814384,FLS.5858311011219261,Cwb@1234,,
11112128,Retail,xxx,806609,FLS.5858311011112128,Cwb@1234,,
10850454,Retail,xxx,791743,FLS.5858311010850454,Cwb@1234,,
11110783,Retail,xxx,797068,FLS.5858311011110783,Cwb@1234,,
10883489,Retail,xxx,800876,CWB.5858311010883489,Cwb@1234,,
11164699,Retail,xxx,693721,FLS.5858311011164699,Cwb@1234,,
11110940,Retail,xxx,797753,FLS.5858311011110940,Cwb@1234,,
11184952,Retail,xxx,813287,FLS.5858311011184952,Cwb@1234,,
11150805,Retail,xxx,797939,FLS.5858311011150805,Cwb@1234,,
11004374,Retail,xxx,774706,FLS.5858311011004374,Cwb@1234,,
11111518,Retail,xxx,802390,FLS.5858311011111518,Cwb@1234,,
11004846,Retail,xxx,778527,FLS.5858311011004846,Cwb@1234,,
11110684,Retail,xxx,796536,FLS.5858311011110684,Cwb@1234,,
11093765,Retail,xxx,791668,FLS.5858311011093765,Cwb@1234,,
11112227,Retail,xxx,807188,FLS.5858311011112227,Cwb@1234,,
11177469,Retail,xxx,806015,FLS.5858311011177469,Cwb@1234,,
11006213,Retail,xxx,787377,FLS.5858311011006213,Cwb@1234,,
11111971,Retail,xxx,805645,FLS.5858311011111971,Cwb@1234,,
10655481,Retail,xxx,753761,FLS.5858311010655481,Cwb@1234,,
11111542,Retail,xxx,802495,FLS.5858311011111542,Cwb@1234,,
11208744,Retail,xxx,811512,FLS.5858311011208744,Cwb@1234,,
11024315,Retail,xxx,779786,FLS.5858311011024315,Cwb@1234,,
11209221,Retail,xxx,814539,FLS.5858311011209221,Cwb@1234,,
11004267,Retail,xxx,773445,FLS.5858311011004267,Cwb@1234,,
11208421,Retail,xxx,809423,FLS.5858311011208421,Cwb@1234,,
10850660,Retail,xxx,795957,FLS.5858311010850660,Cwb@1234,,
11108225,Retail,xxx,800938,FLS.5858311011108225,Cwb@1234,,
11149948,Retail,xxx,813939,FLS.5858311011149948,Cwb@1234,,
11150011,Retail,xxx,812602,FLS.5858311011150011,Cwb@1234,,
11005801,Retail,xxx,784240,FLS.5858311011005801,Cwb@1234,,
11110965,Retail,xxx,797858,FLS.5858311011110965,Cwb@1234,,
11006080,Retail,xxx,786119,FLS.5858311011006080,Cwb@1234,,
11235523,Retail,xxx,813937,FLS.5858311011235523,Cwb@1234,,
10449240,Retail,xxx,137843,FLS.5858311010449240,Cwb@1234,,
11110775,Retail,xxx,797017,FLS.5858311011110775,Cwb@1234,,
11111609,Retail,xxx,802817,FLS.5858311011111609,Cwb@1234,,
11110700,Retail,xxx,796630,FLS.5858311011110700,Cwb@1234,,
11005884,Retail,xxx,784973,FLS.5858311011005884,Cwb@1234,,
10574369,Retail,xxx,793723,FLS.5858311010574369,Cwb@1234,,
11233965,Retail,xxx,689635,FLS.5858311011233965,Cwb@1234,,
11025718,Retail,xxx,792588,FLS.5858311011025718,Cwb@1234,,
11006130,Retail,xxx,786398,FLS.5858311011006130,Cwb@1234,,
11146944,Retail,xxx,776704,FLS.5858311011146944,Cwb@1234,,
11102152,Retail,xxx,786282,FLS.5858311011102152,Cwb@1234,,
11004739,Retail,xxx,777612,FLS.5858311011004739,Cwb@1234,,
11100719,Retail,xxx,797155,FLS.5858311011100719,Cwb@1234,,
11093724,Retail,xxx,791078,FLS.5858311011093724,Cwb@1234,,
11111195,Retail,xxx,800068,FLS.5858311011111195,Cwb@1234,,
11005876,Retail,xxx,784821,FLS.5858311011005876,Cwb@1234,,
11208785,Retail,xxx,811874,FLS.5858311011208785,Cwb@1234,,
11004762,Retail,xxx,777785,FLS.5858311011004762,Cwb@1234,,
10788811,Retail,xxx,176290,FLS.5858311010788811,Cwb@1234,,
11112375,Retail,xxx,809050,FLS.5858311011112375,Cwb@1234,,
11208710,Retail,xxx,811290,FLS.5858311011208710,Cwb@1234,,
11111377,Retail,xxx,801943,FLS.5858311011111377,Cwb@1234,,
10890062,Retail,xxx,788529,FLS.5858311010890062,Cwb@1234,,
11111856,Retail,xxx,804619,FLS.5858311011111856,Cwb@1234,,
10388976,Retail,xxx,670036,FLS.5858311010388976,Cwb@1234,,
10897976,Retail,xxx,796247,FLS.5858311010897976,Cwb@1234,,
10898073,Retail,xxx,795002,FLS.5858311010898073,Cwb@1234,,
11112060,Retail,xxx,806188,FLS.5858311011112060,Cwb@1234,,
11173757,Retail,xxx,155363,FLS.5858311011173757,Cwb@1234,,
11111286,Retail,xxx,801297,FLS.5858311011111286,Cwb@1234,,
11094193,Retail,xxx,794619,FLS.5858311011094193,Cwb@1234,,
10863358,Retail,xxx,772696,CWB.5858311010863358,Cwb@1234,,
10835455,Retail,xxx,784431,FLS.5858311010835455,Cwb@1234,,
11005413,Retail,xxx,781981,FLS.5858311011005413,Cwb@1234,,
11004663,Retail,xxx,777073,FLS.5858311011004663,Cwb@1234,,
11111617,Retail,xxx,802956,FLS.5858311011111617,Cwb@1234,,
10836180,Retail,xxx,795074,FLS.5858311010836180,Cwb@1234,,
11150003,Retail,xxx,812814,FLS.5858311011150003,Cwb@1234,,
11144998,Retail,xxx,807689,FLS.5858311011144998,Cwb@1234,,
11005587,Retail,xxx,783310,FLS.5858311011005587,Cwb@1234,,
11005736,Retail,xxx,783974,FLS.5858311011005736,Cwb@1234,,
11111468,Retail,xxx,802304,FLS.5858311011111468,Cwb@1234,,
11005629,Retail,xxx,783467,FLS.5858311011005629,Cwb@1234,,
11101519,Retail,xxx,799510,FLS.5858311011101519,Cwb@1234,,
11179804,Retail,xxx,814033,FLS.5858311011179804,Cwb@1234,,
11093583,Retail,xxx,790153,FLS.5858311011093583,Cwb@1234,,
11209049,Retail,xxx,813537,FLS.5858311011209049,Cwb@1234,,
11111443,Retail,xxx,800997,FLS.5858311011111443,Cwb@1234,,
11094177,Retail,xxx,794535,FLS.5858311011094177,Cwb@1234,,
11093500,Retail,xxx,789621,FLS.5858311011093500,Cwb@1234,,
10849696,Retail,xxx,780984,FLS.5858311010849696,Cwb@1234,,
11004515,Retail,xxx,775941,FLS.5858311011004515,Cwb@1234,,
10991480,Retail,xxx,775231,FLS.5858311010991480,Cwb@1234,,
11233619,Retail,xxx,607553,FLS.5858311011233619,Cwb@1234,,
11004366,Retail,xxx,774289,FLS.5858311011004366,Cwb@1234,,
11093906,Retail,xxx,792791,FLS.5858311011093906,Cwb@1234,,
11060319,Retail,xxx,784182,FLS.5858311011060319,Cwb@1234,,
11208926,Retail,xxx,812788,FLS.5858311011208926,Cwb@1234,,
11005397,Retail,xxx,781940,FLS.5858311011005397,Cwb@1234,,
11094342,Retail,xxx,790703,FLS.5858311011094342,Cwb@1234,,
11093716,Retail,xxx,791321,FLS.5858311011093716,Cwb@1234,,
11025502,Retail,xxx,795240,FLS.5858311011025502,Cwb@1234,,
10850686,Retail,xxx,794774,FLS.5858311010850686,Cwb@1234,,
11093914,Retail,xxx,792787,FLS.5858311011093914,Cwb@1234,,
11111401,Retail,xxx,802028,FLS.5858311011111401,Cwb@1234,,
11209056,Retail,xxx,813591,FLS.5858311011209056,Cwb@1234,,
11093286,Retail,xxx,788122,FLS.5858311011093286,Cwb@1234,,
11208512,Retail,xxx,810068,FLS.5858311011208512,Cwb@1234,,
10573940,Retail,xxx,786067,FLS.5858311010573940,Cwb@1234,,
11203810,Retail,xxx,812438,FLS.5858311011203810,Cwb@1234,,
11006197,Retail,xxx,787112,FLS.5858311011006197,Cwb@1234,,
11106823,Retail,xxx,797942,FLS.5858311011106823,Cwb@1234,,
11111773,Retail,xxx,802507,FLS.5858311011111773,Cwb@1234,,
11110569,Retail,xxx,781852,FLS.5858311011110569,Cwb@1234,,
01120511,Retail,xxx,162713,CWB.5858311001120511,Cwb@1234,,
10990839,Retail,xxx,792239,FLS.5858311010990839,Cwb@1234,,
00151400,Retail,xxx,131796,CWB.5858311000151400,Cwb@1234,,
10057068,Retail,xxx,620738,CWB.5858311010057068,Cwb@1234,,
11110528,Retail,xxx,795410,FLS.5858311011110528,Cwb@1234,,
11006031,Retail,xxx,785776,FLS.5858311011006031,Cwb@1234,,
11100818,Retail,xxx,681919,FLS.5858311011100818,Cwb@1234,,
11093831,Retail,xxx,792053,FLS.5858311011093831,Cwb@1234,,
11005173,Retail,xxx,780341,FLS.5858311011005173,Cwb@1234,,
11093427,Retail,xxx,788996,FLS.5858311011093427,Cwb@1234,,
10243387,Retail,xxx,656778,CWB.5858311010243387,Cwb@1234,,
11006114,Retail,xxx,786292,FLS.5858311011006114,Cwb@1234,,
11093294,Retail,xxx,788143,FLS.5858311011093294,Cwb@1234,,
11025023,Retail,xxx,790122,FLS.5858311011025023,Cwb@1234,,
11093278,Retail,xxx,788011,FLS.5858311011093278,Cwb@1234,,
11112300,Retail,xxx,807989,FLS.5858311011112300,Cwb@1234,,
11004911,Retail,xxx,778804,FLS.5858311011004911,Cwb@1234,,
10990516,Retail,xxx,782268,FLS.5858311010990516,Cwb@1234,,
10850074,Retail,xxx,789360,FLS.5858311010850074,Cwb@1234,,
11005694,Retail,xxx,783749,FLS.5858311011005694,Cwb@1234,,
10748617,Retail,xxx,774105,FLS.5858311010748617,Cwb@1234,,
